collar_id,property,value,below_detection
1000000,As,98.4000015258789,f
1000000,Au,8.900000102585182e-05,f
1000000,Cu,83.5,f
1000000,Ni,443,f
1000000,Pb,18,f
1000000,Sb,3.380000114440918,f
1000001,As,14.399999618530273,f
1000001,Au,0.824999988079071,f
1000001,Cu,83,f
1000001,Ni,502,f
1000001,Pb,16,f
1000001,Pd,0.009999999776482582,f
1000001,Pt,0.004999999888241291,f
1000001,Sb,0.4000000059604645,f
1000002,As,37,f
1000002,Au,2.099999983329326e-05,f
1000002,Cu,76.5,f
1000002,Ni,409,f
1000002,Pb,15,f
1000002,Sb,1.1200000047683716,f
1000003,As,43.400001525878906,f
1000003,Au,0.9269999861717224,f
1000003,Cu,80,f
1000003,Ni,356,f
1000003,Pb,17,f
1000003,Pd,0.004999999888241291,f
1000003,Pt,0.004999999888241291,f
1000003,Sb,1.7999999523162842,f
1000004,As,171,f
1000004,Au,0.00012700000661425292,f
1000004,Cu,92,f
1000004,Ni,386,f
1000004,Pb,93,f
1000004,Sb,1.9199999570846558,f
1000005,As,38.20000076293945,f
1000005,Au,6.28000020980835,f
1000005,Cu,76.5,f
1000005,Ni,341,f
1000005,Pb,16,f
1000005,Pd,0.004999999888241291,f
1000005,Pt,0.004999999888241291,f
1000005,Sb,1.2999999523162842,f
1000006,As,40.400001525878906,f
1000006,Au,3.009999990463257,f
1000006,Cu,108,f
1000006,Ni,351,f
1000006,Pb,18,f
1000006,Pd,0.004999999888241291,f
1000006,Pt,0.004999999888241291,f
1000006,Sb,1.440000057220459,f
1000007,As,38,f
1000007,Au,0.0001049999991664663,f
1000007,Cu,81,f
1000007,Ni,396,f
1000007,Pb,21,f
1000007,Sb,1.7400000095367432,f
1000008,As,34.599998474121094,f
1000008,Au,4.600000102072954e-05,f
1000008,Cu,88.5,f
1000008,Ni,427,f
1000008,Pb,23,f
1000008,Sb,1.6200000047683716,f
1000009,As,39.20000076293945,f
1000009,Au,0.00016599999798927456,f
1000009,Cu,85,f
1000009,Ni,341,f
1000009,Pb,24,f
1000009,Sb,1.8600000143051147,f
1000010,As,29.600000381469727,f
1000010,Au,0.7210000157356262,f
1000010,Cu,72.5,f
1000010,Ni,393,f
1000010,Pb,17,f
1000010,Pd,0.004999999888241291,f
1000010,Pt,0.009999999776482582,f
1000010,Sb,2.119999885559082,f
1000011,As,37.20000076293945,f
1000011,Au,0.0002209999947808683,f
1000011,Cu,77,f
1000011,Ni,355,f
1000011,Pb,16,f
1000011,Sb,1.9199999570846558,f
1000012,As,207,f
1000012,Au,1.799999881768599e-05,f
1000012,Cu,91.5,f
1000012,Ni,401,f
1000012,Pb,39,f
1000012,Sb,1.4199999570846558,f
1000013,As,222,f
1000013,Au,1.700000029813964e-05,f
1000013,Cu,88.5,f
1000013,Ni,389,f
1000013,Pb,23,f
1000013,Sb,1.5,f
1000014,As,112,f
1000014,Au,0.006000000052154064,f
1000014,Cu,76.5,f
1000014,Ni,334,f
1000014,Pb,19,f
1000014,Pd,0.004999999888241291,f
1000014,Pt,0.004999999888241291,f
1000014,Sb,1.5800000429153442,f
1000015,As,64.5999984741211,f
1000015,Au,7.999999797903001e-05,f
1000015,Cu,114,f
1000015,Ni,336,f
1000015,Pb,20,f
1000015,Sb,2.0799999237060547,f
1000016,As,74.80000305175781,f
1000016,Au,2.9999999242136255e-05,f
1000016,Cu,119,f
1000016,Ni,313,f
1000016,Pb,20,f
1000016,Sb,2.5,f
1000017,As,95.4000015258789,f
1000017,Au,0.00018200000340584666,f
1000017,Cu,112,f
1000017,Ni,329,f
1000017,Pb,19,f
1000017,Sb,3.5,f
1000018,As,174,f
1000018,Au,0.8370000123977661,f
1000018,Cu,123,f
1000018,Ni,245,f
1000018,Pb,39,f
1000018,Pd,0.004999999888241291,f
1000018,Pt,0.009999999776482582,f
1000018,Sb,2.880000114440918,f
1000019,As,633,f
1000019,Au,125,f
1000019,Cu,102,f
1000019,Ni,337,f
1000019,Pb,31,f
1000019,Pd,0.004999999888241291,f
1000019,Pt,0.004999999888241291,f
1000019,Sb,2.7200000286102295,f
1000020,As,466,f
1000020,Au,11.199999809265137,f
1000020,Cu,105,f
1000020,Ni,377,f
1000020,Pb,38,f
1000020,Pd,0.004999999888241291,f
1000020,Pt,0.014999999664723873,f
1000020,Sb,5.28000020980835,f
1000021,As,283,f
1000021,Au,0.00012799999967683107,f
1000021,Cu,102,f
1000021,Ni,307,f
1000021,Pb,22,f
1000021,Sb,4.159999847412109,f
1000022,As,108,f
1000022,Au,0.00018600000475998968,f
1000022,Cu,138,f
1000022,Ni,272,f
1000022,Pb,70,f
1000022,Sb,2.380000114440918,f
1000023,As,74.4000015258789,f
1000023,Au,1.309999942779541,f
1000023,Cu,210,f
1000023,Ni,280,f
1000023,Pb,115,f
1000023,Pd,0.004999999888241291,f
1000023,Pt,0.004999999888241291,f
1000023,Sb,3.0399999618530273,f
1000024,As,83.4000015258789,f
1000024,Au,0.6579999923706055,f
1000024,Cu,91.5,f
1000024,Ni,330,f
1000024,Pb,23,f
1000024,Pd,0.004999999888241291,f
1000024,Pt,0.004999999888241291,f
1000024,Sb,4.099999904632568,f
1000025,As,77.4000015258789,f
1000025,Au,7.100000220816582e-05,f
1000025,Cu,105,f
1000025,Ni,269,f
1000025,Pb,31,f
1000025,Sb,1.7599999904632568,f
1000026,As,99.4000015258789,f
1000026,Au,1.2000000424450263e-05,f
1000026,Cu,86.5,f
1000026,Ni,365,f
1000026,Pb,24,f
1000026,Sb,8.359999656677246,f
1000027,As,79.19999694824219,f
1000027,Au,1.799999881768599e-05,f
1000027,Cu,83,f
1000027,Ni,397,f
1000027,Pb,25,f
1000027,Sb,3.0799999237060547,f
1000028,As,107,f
1000028,Au,2.9999999242136255e-05,f
1000028,Cu,84.5,f
1000028,Ni,440,f
1000028,Pb,42,f
1000028,Sb,1.940000057220459,f
1000029,As,108,f
1000029,Au,8.199999865610152e-05,f
1000029,Cu,81,f
1000029,Ni,400,f
1000029,Pb,19,f
1000029,Sb,2.299999952316284,f
1000030,As,11.800000190734863,f
1000030,Au,3.199999991920777e-05,f
1000030,Cu,129,f
1000030,Ni,426,f
1000030,Pb,23,f
1000030,Sb,1.0199999809265137,f
1000031,As,62.20000076293945,f
1000031,Au,3.000000106112566e-06,f
1000031,Cu,81,f
1000031,Ni,383,f
1000031,Pb,30,f
1000031,Sb,0.8399999737739563,f
1000032,As,54.20000076293945,f
1000032,Au,2.4000000848900527e-05,f
1000032,Cu,81.5,f
1000032,Ni,396,f
1000032,Pb,23,f
1000032,Sb,0.8199999928474426,f
1000033,As,7,f
1000033,Au,2.9999999242136255e-05,f
1000033,Cu,75.5,f
1000033,Ni,355,f
1000033,Pb,23,f
1000033,Sb,0.8399999737739563,f
1000034,As,87.5999984741211,f
1000034,Au,1.1200000047683716,f
1000034,Cu,78.5,f
1000034,Ni,360,f
1000034,Pb,21,f
1000034,Pd,0.004999999888241291,f
1000034,Pt,0.009999999776482582,f
1000034,Sb,1.1200000047683716,f
1000035,As,197,f
1000035,Au,0.00019099999917671084,f
1000035,Cu,84.5,f
1000035,Ni,457,f
1000035,Pb,20,f
1000035,Sb,1.5,f
1000036,As,157,f
1000036,Au,0.8500000238418579,f
1000036,Cu,88,f
1000036,Ni,416,f
1000036,Pb,33,f
1000036,Pd,0.004999999888241291,f
1000036,Pt,0.009999999776482582,f
1000036,Sb,3.0399999618530273,f
1000037,As,41.599998474121094,f
1000037,Au,1.3200000524520874,f
1000037,Cu,85.5,f
1000037,Ni,262,f
1000037,Pb,23,f
1000037,Pd,0.009999999776482582,f
1000037,Pt,0.004999999888241291,f
1000037,Sb,5.840000152587891,f
1000038,As,59,f
1000038,Au,0.00037299998803064227,f
1000038,Cu,81.5,f
1000038,Ni,338,f
1000038,Pb,18,f
1000038,Sb,7.260000228881836,f
1000039,As,50.20000076293945,f
1000039,Au,1.2200000286102295,f
1000039,Cu,74,f
1000039,Ni,253,f
1000039,Pb,17,f
1000039,Pd,0.009999999776482582,f
1000039,Pt,0.009999999776482582,f
1000039,Sb,2.5399999618530273,f
1000040,As,16.600000381469727,f
1000040,Au,3.240000009536743,f
1000040,Cu,64.5,f
1000040,Ni,328,f
1000040,Pb,13,f
1000040,Pd,0.009999999776482582,f
1000040,Pt,0.004999999888241291,f
1000040,Sb,1.6399999856948853,f
1000041,As,96.4000015258789,f
1000041,Au,0.921999990940094,f
1000041,Cu,80.5,f
1000041,Ni,384,f
1000041,Pb,40,f
1000041,Pd,0.004999999888241291,f
1000041,Pt,0.004999999888241291,f
1000041,Sb,1.6799999475479126,f
1000042,As,18.799999237060547,f
1000042,Au,1.4900000095367432,f
1000042,Cu,68,f
1000042,Ni,597,f
1000042,Pb,18,f
1000042,Pd,0.004999999888241291,f
1000042,Pt,0.004999999888241291,f
1000042,Sb,1.059999942779541,f
1000043,As,14,f
1000043,Au,0.1899999976158142,f
1000043,Cu,55.5,f
1000043,Ni,278,f
1000043,Pb,17,f
1000043,Pd,0.004999999888241291,f
1000043,Pt,0.004999999888241291,t
1000043,Sb,3.4000000953674316,f
1000044,As,14.800000190734863,f
1000044,Au,1.4700000286102295,f
1000044,Cu,508,f
1000044,Ni,164,f
1000044,Pb,18,f
1000044,Pd,0.009999999776482582,f
1000044,Pt,0.004999999888241291,f
1000044,Sb,1.440000057220459,f
1000045,As,47.20000076293945,f
1000045,Au,0.00015300000086426735,f
1000045,Cu,37,f
1000045,Ni,268,f
1000045,Pb,16,f
1000045,Sb,1.059999942779541,f
1000046,As,14.600000381469727,f
1000046,Au,0.38999998569488525,f
1000046,Cu,93,f
1000046,Ni,281,f
1000046,Pb,20,f
1000046,Pd,0.004999999888241291,f
1000046,Pt,0.004999999888241291,t
1000046,Sb,1.1200000047683716,f
1000047,As,89,f
1000047,Au,8.999999408842996e-06,f
1000047,Cu,89,f
1000047,Ni,443,f
1000047,Pb,21,f
1000047,Sb,2.059999942779541,f
1000048,As,35.400001525878906,f
1000048,Au,6.000000212225132e-06,f
1000048,Cu,116,f
1000048,Ni,322,f
1000048,Pb,29,f
1000048,Sb,1.7799999713897705,f
1000049,As,25.399999618530273,f
1000049,Au,1.700000029813964e-05,f
1000049,Cu,154,f
1000049,Ni,247,f
1000049,Pb,19,f
1000049,Sb,2.799999952316284,f
1000050,As,23.600000381469727,f
1000050,Au,4.3000000005122274e-05,f
1000050,Cu,75,f
1000050,Ni,252,f
1000050,Pb,16,f
1000050,Sb,1.7999999523162842,f
1000051,As,27.600000381469727,f
1000051,Au,1.2000000424450263e-05,f
1000051,Cu,93,f
1000051,Ni,172,f
1000051,Pb,22,f
1000051,Sb,1.7599999904632568,f
1000052,As,20.600000381469727,f
1000052,Au,9.600000339560211e-05,f
1000052,Cu,94,f
1000052,Ni,219,f
1000052,Pb,24,f
1000052,Sb,1.7000000476837158,f
1000053,As,98,f
1000053,Au,4.699999772128649e-05,f
1000053,Cu,84.5,f
1000053,Ni,203,f
1000053,Pb,19,f
1000053,Sb,7.599999904632568,f
1000054,As,41.20000076293945,f
1000054,Au,2.300000051036477e-05,f
1000054,Cu,135,f
1000054,Ni,146,f
1000054,Pb,16,f
1000054,Sb,2.680000066757202,f
1000055,As,251,f
1000055,Au,4.400000034365803e-05,f
1000055,Cu,221,f
1000055,Ni,290,f
1000055,Pb,22,f
1000055,Sb,1.4199999570846558,f
1000056,As,233,f
1000056,Au,0.0001829999964684248,f
1000056,Cu,80.5,f
1000056,Ni,401,f
1000056,Pb,19,f
1000056,Sb,6.639999866485596,f
1000057,As,99,f
1000057,Au,3.900000228895806e-05,f
1000057,Cu,83.5,f
1000057,Ni,357,f
1000057,Pb,16,f
1000057,Sb,6.559999942779541,f
1000058,As,53,f
1000058,Au,2.700000004551839e-05,f
1000058,Cu,80,f
1000058,Ni,241,f
1000058,Pb,15,f
1000058,Sb,2.440000057220459,f
1000059,As,210,f
1000059,Au,0.00012099999730708078,f
1000059,Cu,86.5,f
1000059,Ni,346,f
1000059,Pb,20,f
1000059,Sb,4.079999923706055,f
1000060,As,147,f
1000060,Au,0.001120000029914081,f
1000060,Cu,68,f
1000060,Ni,172,f
1000060,Pb,26,f
1000060,Sb,7.119999885559082,f
1000061,As,359,f
1000061,Au,0.0003829999768640846,f
1000061,Cu,47.5,f
1000061,Ni,119,f
1000061,Pb,27,f
1000061,Sb,4.940000057220459,f
1000062,As,160,f
1000062,Au,0.0002840000088326633,f
1000062,Cu,75,f
1000062,Ni,189,f
1000062,Pb,25,f
1000062,Sb,2.9600000381469727,f
1000063,As,182,f
1000063,Au,8.600000001024455e-05,f
1000063,Cu,87.5,f
1000063,Ni,308,f
1000063,Pb,19,f
1000063,Sb,8.15999984741211,f
1000064,As,28,f
1000064,Au,4.999999873689376e-06,f
1000064,Cu,85.5,f
1000064,Ni,248,f
1000064,Pb,41,f
1000064,Sb,0.2800000011920929,f
1000065,As,18,f
1000065,Au,8.999999408842996e-06,f
1000065,Cu,82,f
1000065,Ni,274,f
1000065,Pb,54,f
1000065,Sb,0.3400000035762787,f
1000066,As,36.20000076293945,f
1000066,Au,1.2999999853491317e-05,f
1000066,Cu,82.5,f
1000066,Ni,257,f
1000066,Pb,25,f
1000066,Sb,0.4000000059604645,f
1000067,As,302,f
1000067,Au,7.999999979801942e-06,f
1000067,Cu,94.5,f
1000067,Ni,372,f
1000067,Pb,31,f
1000067,Sb,5.360000133514404,f
1000068,As,235,f
1000068,Au,0.00011900000390596688,f
1000068,Cu,105,f
1000068,Ni,354,f
1000068,Pb,38,f
1000068,Sb,1.4800000190734863,f
1000069,As,99,f
1000069,Au,1.9999999949504854e-06,f
1000069,Cu,97,f
1000069,Ni,267,f
1000069,Pb,33,f
1000069,Sb,2.1600000858306885,f
1000070,As,67,f
1000070,Au,1.4000000192027073e-05,f
1000070,Cu,101,f
1000070,Ni,290,f
1000070,Pb,28,f
1000070,Sb,2.1600000858306885,f
1000071,As,235,f
1000071,Au,5.0999999075429514e-05,f
1000071,Cu,102,f
1000071,Ni,812,f
1000071,Pb,34,f
1000071,Sb,3.4000000953674316,f
1000072,As,64.80000305175781,f
1000072,Au,8.999999408842996e-06,f
1000072,Cu,67.5,f
1000072,Ni,194,f
1000072,Pb,32,f
1000072,Sb,0.8600000143051147,f
1000073,As,62.400001525878906,f
1000073,Au,5.199999941396527e-05,f
1000073,Cu,83,f
1000073,Ni,186,f
1000073,Pb,29,f
1000073,Sb,0.8399999737739563,f
1000074,As,38.599998474121094,f
1000074,Au,1.4999999621068127e-05,f
1000074,Cu,104,f
1000074,Ni,265,f
1000074,Pb,24,f
1000074,Sb,0.6200000047683716,f
1000075,As,410,f
1000075,Au,0.0002899999963119626,f
1000075,Cu,94,f
1000075,Ni,277,f
1000075,Pb,36,f
1000075,Sb,1.4600000381469727,f
1000076,As,381,f
1000076,Au,3.300000025774352e-05,f
1000076,Cu,233,f
1000076,Ni,347,f
1000076,Pb,35,f
1000076,Sb,2.619999885559082,f
1000077,As,89.5999984741211,f
1000077,Au,3.000000106112566e-06,f
1000077,Cu,112,f
1000077,Ni,150,f
1000077,Pb,51,f
1000077,Sb,2.0799999237060547,f
1000078,As,162,f
1000078,Au,1.2999999853491317e-05,f
1000078,Cu,163,f
1000078,Ni,294,f
1000078,Pb,161,f
1000078,Sb,3.7799999713897705,f
1000079,As,19.799999237060547,f
1000079,Au,1.5999999959603883e-05,f
1000079,Cu,352,f
1000079,Ni,229,f
1000079,Pb,32,f
1000079,Sb,0.7400000095367432,f
1000080,As,12.199999809265137,f
1000080,Au,9.999999974752427e-07,f
1000080,Cu,322,f
1000080,Ni,552,f
1000080,Pb,76,f
1000080,Sb,0.5799999833106995,f
1000081,As,17.200000762939453,f
1000081,Au,7.000000096013537e-06,f
1000081,Cu,540,f
1000081,Ni,325,f
1000081,Pb,214,f
1000081,Sb,0.3799999952316284,f
1000082,As,39.599998474121094,f
1000082,Au,6.100000246078707e-05,f
1000082,Cu,651,f
1000082,Ni,427,f
1000082,Pb,293,f
1000082,Sb,0.5400000214576721,f
1000083,As,41.20000076293945,f
1000083,Au,7.000000096013537e-06,f
1000083,Cu,181,f
1000083,Ni,305,f
1000083,Pb,67,f
1000083,Sb,1.5199999809265137,f
1000084,As,1310,f
1000084,Au,5.0999999075429514e-05,f
1000084,Cu,134,f
1000084,Ni,291,f
1000084,Pb,48,f
1000084,Sb,12,f
1000085,As,4550,f
1000085,Au,8.999999408842996e-06,f
1000085,Cu,167,f
1000085,Ni,312,f
1000085,Pb,73,f
1000085,Sb,12.899999618530273,f
1000086,As,39.79999923706055,f
1000086,Au,5.999999848427251e-05,f
1000086,Cu,104,f
1000086,Ni,294,f
1000086,Pb,24,f
1000086,Sb,2.059999942779541,f
1000087,As,65.80000305175781,f
1000087,Au,3.599999763537198e-05,f
1000087,Cu,119,f
1000087,Ni,421,f
1000087,Pb,16,f
1000087,Sb,2.5799999237060547,f
1000088,As,119,f
1000088,Au,5.900000178371556e-05,f
1000088,Cu,119,f
1000088,Ni,357,f
1000088,Pb,17,f
1000088,Sb,1.2599999904632568,f
1000089,As,274,f
1000089,Au,0.0003659999929368496,f
1000089,Cu,120,f
1000089,Ni,389,f
1000089,Pb,28,f
1000089,Sb,1.7200000286102295,f
1000090,As,144,f
1000090,Au,4.400000095367432,f
1000090,Cu,130,f
1000090,Ni,371,f
1000090,Pb,34,f
1000090,Pd,0.004999999888241291,f
1000090,Pt,0.009999999776482582,f
1000090,Sb,4.860000133514404,f
1000091,As,111,f
1000091,Au,0.00017499999376013875,f
1000091,Cu,220,f
1000091,Ni,435,f
1000091,Pb,24,f
1000091,Sb,2.4800000190734863,f
1000092,As,199,f
1000092,Au,1.2699999809265137,f
1000092,Cu,111,f
1000092,Ni,346,f
1000092,Pb,44,f
1000092,Pd,0.004999999888241291,f
1000092,Pt,0.009999999776482582,f
1000092,Sb,3.700000047683716,f
1000093,As,41,f
1000093,Au,2.2699999809265137,f
1000093,Cu,118,f
1000093,Ni,382,f
1000093,Pb,32,f
1000093,Pd,0.004999999888241291,f
1000093,Pt,0.004999999888241291,f
1000093,Sb,1.659999966621399,f
1000094,As,39.400001525878906,f
1000094,Au,0.0004820000031031668,f
1000094,Cu,129,f
1000094,Ni,309,f
1000094,Pb,17,f
1000094,Sb,0.8799999952316284,f
1000095,As,42.400001525878906,f
1000095,Au,0.00036199999158270657,f
1000095,Cu,93,f
1000095,Ni,244,f
1000095,Pb,24,f
1000095,Sb,1.2799999713897705,f
1000096,As,60,f
1000096,Au,1.8999999156221747e-05,f
1000096,Cu,93.5,f
1000096,Ni,291,f
1000096,Pb,28,f
1000096,Sb,1,f
1000097,As,129,f
1000097,Au,4.099999932805076e-05,f
1000097,Cu,88,f
1000097,Ni,262,f
1000097,Pb,34,f
1000097,Sb,3.5,f
1000098,As,183,f
1000098,Au,0.000358000019332394,f
1000098,Cu,109,f
1000098,Ni,267,f
1000098,Pb,49,f
1000098,Sb,2,f
1000099,As,79.19999694824219,f
1000099,Au,6.100000246078707e-05,f
1000099,Cu,114,f
1000099,Ni,313,f
1000099,Pb,27,f
1000099,Sb,2.2200000286102295,f
1000100,As,55.79999923706055,f
1000100,Au,3.400000059627928e-05,f
1000100,Cu,116,f
1000100,Ni,316,f
1000100,Pb,27,f
1000100,Sb,2.359999895095825,f
1000101,As,240,f
1000101,Au,0.00018099999579135329,f
1000101,Cu,104,f
1000101,Ni,296,f
1000101,Pb,17,f
1000101,Sb,6.239999771118164,f
1000102,As,94.19999694824219,f
1000102,Au,0.00043700000969693065,f
1000102,Cu,103,f
1000102,Ni,322,f
1000102,Pb,29,f
1000102,Sb,3.6600000858306885,f
1000103,As,81.5999984741211,f
1000103,Au,0.00013299999409355223,f
1000103,Cu,252,f
1000103,Ni,351,f
1000103,Pb,45,f
1000103,Sb,2.7200000286102295,f
1000104,As,92,f
1000104,Au,0.0002899999963119626,f
1000104,Cu,224,f
1000104,Ni,292,f
1000104,Pb,33,f
1000104,Sb,4.639999866485596,f
1000105,As,104,f
1000105,Au,0.0003549999964889139,f
1000105,Cu,103,f
1000105,Ni,301,f
1000105,Pb,19,f
1000105,Sb,2.5399999618530273,f
1000106,As,113,f
1000106,Au,0.00010299999848939478,f
1000106,Cu,158,f
1000106,Ni,270,f
1000106,Pb,27,f
1000106,Sb,1.059999942779541,f
1000107,As,226,f
1000107,Au,2.6600000858306885,f
1000107,Cu,248,f
1000107,Ni,350,f
1000107,Pb,87,f
1000107,Pd,0.004999999888241291,t
1000107,Pt,0.004999999888241291,f
1000107,Sb,8.640000343322754,f
1000108,As,326,f
1000108,Au,0.00048699998296797276,f
1000108,Cu,106,f
1000108,Ni,283,f
1000108,Pb,25,f
1000108,Sb,2.9000000953674316,f
1000109,As,66,f
1000109,Au,0.00021899999410379678,f
1000109,Cu,102,f
1000109,Ni,321,f
1000109,Pb,29,f
1000109,Sb,1.8200000524520874,f
1000110,As,432,f
1000110,Au,0.00019499998597893864,f
1000110,Cu,99,f
1000110,Ni,328,f
1000110,Pb,24,f
1000110,Sb,4.099999904632568,f
1000111,Ag,1,t
1000111,Al,87446,f
1000111,As,17,f
1000111,Au,0.004000000189989805,f
1000111,Ba,1267,f
1000111,Bi,10,t
1000111,Ca,2742,f
1000111,Cd,1,t
1000111,Ce,50,t
1000111,Co,28,f
1000111,Cr,40,f
1000111,Cu,24,f
1000111,Fe,11900.0009765625,f
1000111,K,31181,f
1000111,La,20,t
1000111,Li,7,f
1000111,Mg,1027,f
1000111,Mn,239,f
1000111,Mo,2,f
1000111,Na,33701,f
1000111,Ni,21,f
1000111,P,83,f
1000111,Pb,63,f
1000111,S,329,f
1000111,Sb,10,t
1000111,Sc,6,f
1000111,Sn,10,t
1000111,Sr,144,f
1000111,Te,10,t
1000111,Ti,776,f
1000111,V,20,f
1000111,W,10,t
1000111,Y,12,f
1000111,Zn,45,f
1000111,Zr,64,f
1000112,Ag,1,t
1000112,Al,89679,f
1000112,As,10,t
1000112,Au,0.0020000000949949026,f
1000112,Ba,338,f
1000112,Bi,10,t
1000112,Ca,18262,f
1000112,Cd,1,t
1000112,Ce,50,t
1000112,Co,11,f
1000112,Cr,49,f
1000112,Cu,13,f
1000112,Fe,16300,f
1000112,K,8155,f
1000112,La,21,f
1000112,Li,14,f
1000112,Mg,1916,f
1000112,Mn,394,f
1000112,Mo,4,f
1000112,Na,28246,f
1000112,Ni,13,f
1000112,P,207,f
1000112,Pb,19,f
1000112,S,87,f
1000112,Sb,10,t
1000112,Sc,4,f
1000112,Sn,10,t
1000112,Sr,463,f
1000112,Te,10,t
1000112,Ti,1500,f
1000112,V,18,f
1000112,W,10,t
1000112,Y,11,f
1000112,Zn,112,f
1000112,Zr,64,f
1000113,Ag,1,t
1000113,Al,63622,f
1000113,As,13,f
1000113,Au,0.0010000000474974513,f
1000113,Ba,1108,f
1000113,Bi,10,t
1000113,Ca,712,f
1000113,Cd,1,t
1000113,Ce,50,t
1000113,Co,2,f
1000113,Cr,33,f
1000113,Cu,15,f
1000113,Fe,7600,f
1000113,K,42434,f
1000113,La,20,t
1000113,Li,6,f
1000113,Mg,499,f
1000113,Mn,80,f
1000113,Mo,2,t
1000113,Na,17826,f
1000113,Ni,19,f
1000113,P,50,t
1000113,Pb,21,f
1000113,S,50,t
1000113,Sb,10,t
1000113,Sc,1,t
1000113,Sn,10,t
1000113,Sr,94,f
1000113,Te,10,t
1000113,Ti,153,f
1000113,V,8,f
1000113,W,10,t
1000113,Y,10,f
1000113,Zn,30,f
1000113,Zr,32,f
1000114,Ag,1,t
1000114,Al,29788,f
1000114,As,27,f
1000114,Au,0.003000000026077032,f
1000114,Ba,47,f
1000114,Bi,10,t
1000114,Ca,120,f
1000114,Cd,1,t
1000114,Ce,50,t
1000114,Co,1,f
1000114,Cr,96,f
1000114,Cu,11,f
1000114,Fe,12500,f
1000114,K,1055,f
1000114,La,20,t
1000114,Li,10,f
1000114,Mg,214,f
1000114,Mn,56,f
1000114,Mo,2,t
1000114,Na,425,f
1000114,Ni,9,f
1000114,P,50,t
1000114,Pb,24,f
1000114,S,74,f
1000114,Sb,10,t
1000114,Sc,3,f
1000114,Sn,10,t
1000114,Sr,9,f
1000114,Te,10,t
1000114,Ti,784,f
1000114,V,28,f
1000114,W,10,t
1000114,Y,2,t
1000114,Zn,10,f
1000114,Zr,48,f
1000115,Ag,1,t
1000115,Al,89601,f
1000115,As,14,f
1000115,Au,0.003000000026077032,f
1000115,Ba,510,f
1000115,Bi,10,t
1000115,Ca,8523,f
1000115,Cd,1,t
1000115,Ce,50,t
1000115,Co,28,f
1000115,Cr,38,f
1000115,Cu,114,f
1000115,Fe,77800,f
1000115,K,13043,f
1000115,La,20,t
1000115,Li,33,f
1000115,Mg,5733,f
1000115,Mn,597,f
1000115,Mo,2,f
1000115,Na,18188,f
1000115,Ni,49,f
1000115,P,399,f
1000115,Pb,39,f
1000115,S,922,f
1000115,Sb,10,t
1000115,Sc,8,f
1000115,Sn,10,t
1000115,Sr,299,f
1000115,Te,10,t
1000115,Ti,2242,f
1000115,V,73,f
1000115,W,10,t
1000115,Y,10,f
1000115,Zn,176,f
1000115,Zr,94,f
1000116,Ag,1,t
1000116,Al,83547,f
1000116,As,43,f
1000116,Au,0.0020000000949949026,f
1000116,Ba,804,f
1000116,Bi,10,t
1000116,Ca,16276,f
1000116,Cd,1,t
1000116,Ce,89,f
1000116,Co,89,f
1000116,Cr,126,f
1000116,Cu,31,f
1000116,Fe,47500,f
1000116,K,29878,f
1000116,La,40,f
1000116,Li,35,f
1000116,Mg,17963,f
1000116,Mn,1158,f
1000116,Mo,3,f
1000116,Na,13876,f
1000116,Ni,81,f
1000116,P,667,f
1000116,Pb,37,f
1000116,S,665,f
1000116,Sb,10,t
1000116,Sc,13,f
1000116,Sn,10,t
1000116,Sr,163,f
1000116,Te,10,t
1000116,Ti,2977,f
1000116,V,102,f
1000116,W,367,f
1000116,Y,21,f
1000116,Zn,144,f
1000116,Zr,126,f
1000117,Ag,1,t
1000117,Al,88830,f
1000117,As,14,f
1000117,Au,0.003000000026077032,f
1000117,Ba,871,f
1000117,Bi,10,t
1000117,Ca,10226,f
1000117,Cd,1,t
1000117,Ce,80,f
1000117,Co,28,f
1000117,Cr,95,f
1000117,Cu,28,f
1000117,Fe,44500,f
1000117,K,37159,f
1000117,La,37,f
1000117,Li,46,f
1000117,Mg,17173,f
1000117,Mn,855,f
1000117,Mo,2,t
1000117,Na,9196,f
1000117,Ni,64,f
1000117,P,642,f
1000117,Pb,44,f
1000117,S,828,f
1000117,Sb,10,t
1000117,Sc,14,f
1000117,Sn,10,t
1000117,Sr,103,f
1000117,Te,10,t
1000117,Ti,3630,f
1000117,V,114,f
1000117,W,48,f
1000117,Y,21,f
1000117,Zn,145,f
1000117,Zr,128,f
1000118,Ag,1,t
1000118,Al,89481,f
1000118,As,10,t
1000118,Au,0.0020000000949949026,f
1000118,Ba,477,f
1000118,Bi,10,t
1000118,Ca,14223,f
1000118,Cd,1,t
1000118,Ce,50,t
1000118,Co,9,f
1000118,Cr,23,f
1000118,Cu,25,f
1000118,Fe,18400,f
1000118,K,16548,f
1000118,La,20,t
1000118,Li,33,f
1000118,Mg,4254,f
1000118,Mn,623,f
1000118,Mo,2,t
1000118,Na,34276,f
1000118,Ni,72,f
1000118,P,288,f
1000118,Pb,25,f
1000118,S,154,f
1000118,Sb,10,t
1000118,Sc,4,f
1000118,Sn,10,t
1000118,Sr,438,f
1000118,Te,10,t
1000118,Ti,1460,f
1000118,V,28,f
1000118,W,24,f
1000118,Y,8,f
1000118,Zn,122,f
1000118,Zr,89,f
